{
  "backend": "pykan-symbolic-formula",
  "classes": [
    "budget",
    "standard",
    "premium"
  ],
  "description": "pykan symbolic_formula exported with ex_round(..., 4).",
  "features": [
    "OverallQual",
    "GrLivArea",
    "GarageCars",
    "TotalBsmtSF",
    "YearBuilt",
    "FullBath",
    "LotArea",
    "1stFlrSF",
    "2ndFlrSF"
  ],
  "formula_digits": 4,
  "formula_strings": [
    "11.1128*sqrt(7.7658 - 0.8148*x_5) - 2.386*sqrt(2.6281*x_9 + 5.6582) - 1.1448*sin(1.5494*x_3 + 6.6062) - 2.2276*sin(1.2652*x_4 + 7.1754) - 0.1379*sin(1.1985*x_6 + 5.4008) + 1.9521*sin(1.4994*x_7 - 2.4025) - 4.036*sin(0.8262*x_8 + 0.9804) - 3.5166*tanh(1.4695*x_1 + 0.0431) - 5.1189*tanh(0.9195*x_2 + 1.2125) - 20.2868",
    "-0.0112*(0.2 - 10.0*x_1)**2 + 0.6613*sin(3.147*x_2 - 9.0248) + 0.6981*sin(1.5291*x_3 - 5.1787) - 0.2407*sin(3.9954*x_4 - 6.0117) + 0.3237*sin(2.1199*x_5 + 0.0477) - 2.9676*sin(4.6646*x_6 + 7.8306) + 0.5791*sin(1.6818*x_7 - 9.5494) + 0.1569*sin(2.8128*x_8 + 9.7947) + 0.4866*sin(2.4264*x_9 - 2.9677) - 1.5919",
    "-2.5295*sqrt(7.3971 - 4.32*x_5) + 2.13*sin(1.798*x_2 + 0.8042) - 1.1939*sin(1.2874*x_3 - 9.3682) + 2.5127*sin(1.5986*x_4 + 7.0046) + 2.0872*sin(1.2778*x_8 + 0.9907) + 1.2899*sin(1.9247*x_9 + 0.3605) + 3.2334*tanh(1.6251*x_1 - 0.1526) + 0.1768*tanh(2.284*x_6 - 0.5581) - 0.4178*Abs(7.0712*x_7 - 5.045) + 8.8365"
  ],
  "grid": 2,
  "k": 2,
  "maximums": {
    "1stFlrSF": 3228.0,
    "2ndFlrSF": 2065.0,
    "FullBath": 3.0,
    "GarageCars": 4.0,
    "GrLivArea": 4676.0,
    "LotArea": 215245.0,
    "OverallQual": 10.0,
    "TotalBsmtSF": 3206.0,
    "YearBuilt": 2009.0
  },
  "medians": {
    "1stFlrSF": 1087.0,
    "2ndFlrSF": 0.0,
    "FullBath": 2.0,
    "GarageCars": 2.0,
    "GrLivArea": 1470.0,
    "LotArea": 9525.0,
    "OverallQual": 6.0,
    "TotalBsmtSF": 995.0,
    "YearBuilt": 1972.0
  },
  "minimums": {
    "1stFlrSF": 334.0,
    "2ndFlrSF": 0.0,
    "FullBath": 0.0,
    "GarageCars": 0.0,
    "GrLivArea": 334.0,
    "LotArea": 1300.0,
    "OverallQual": 1.0,
    "TotalBsmtSF": 0.0,
    "YearBuilt": 1872.0
  },
  "model": "KAN-equation",
  "parameter_count": 0,
  "price_thresholds": [
    140000.0,
    190000.0
  ],
  "raw_formula_strings": [
    "11.1128330230713*sqrt(7.76576042175293 - 0.814799845218658*x_5) - 2.38602900505066*sqrt(2.62808012962341*x_9 + 5.6581597328186) - 1.14475607872009*sin(1.54943990707397*x_3 + 6.60624027252197) - 2.22761225700378*sin(1.26519989967346*x_4 + 7.17543983459473) - 0.137908026576042*sin(1.19847977161407*x_6 + 5.40079975128174) + 1.95208489894867*sin(1.4994398355484*x_7 - 2.40247988700867) - 4.03600549697876*sin(0.826239883899689*x_8 + 0.98039984703064) - 3.51657438278198*tanh(1.46951985359192*x_1 + 0.0431199744343758) - 5.11887454986572*tanh(0.919519901275635*x_2 + 1.21247982978821) - 20.2868307009339",
    "-0.0112170502543449*(0.19999985396862 - 9.99995994567871*x_1)**2 + 0.661335289478302*sin(3.14696002006531*x_2 - 9.02480030059814) + 0.698090434074402*sin(1.52911984920502*x_3 - 5.17871999740601) - 0.240667566657066*sin(3.99535989761353*x_4 - 6.01167964935303) + 0.323713034391403*sin(2.1199197769165*x_5 + 0.0476799719035625) - 2.96760821342468*sin(4.66463994979858*x_6 + 7.83063983917236) + 0.579089164733887*sin(1.68175983428955*x_7 - 9.54944038391113) + 0.156883805990219*sin(2.81279993057251*x_8 + 9.79471969604492) + 0.486552089452744*sin(2.42639994621277*x_9 - 2.96767997741699) - 1.59191040322185",
    "-2.52949953079224*sqrt(7.39711999893188 - 4.32000017166138*x_5) + 2.12999773025513*sin(1.7979998588562*x_2 + 0.804239869117737) - 1.19389832019806*sin(1.28735983371735*x_3 - 9.36816024780273) + 2.51274394989014*sin(1.59863984584808*x_4 + 7.00464010238647) + 2.08715200424194*sin(1.27783989906311*x_8 + 0.990719795227051) + 1.28987157344818*sin(1.92471981048584*x_9 + 0.360479861497879) + 3.23336935043335*tanh(1.62511992454529*x_1 - 0.152559846639633) + 0.176780581474304*tanh(2.28399991989136*x_6 - 0.558079838752747) - 0.417782694101334*Abs(7.07119989395142*x_7 - 5.04504013061523) + 8.83647457137704"
  ],
  "source_parameter_count": 270,
  "symbolic_library": [
    "x",
    "x^2",
    "x^3",
    "x^4",
    "exp",
    "log",
    "sqrt",
    "tanh",
    "sin",
    "abs"
  ],
  "symbolic_weight_simple": 0.0
}
