{
  "backend": "pykan",
  "batch_size": 256,
  "classes": [
    "budget",
    "standard",
    "premium"
  ],
  "description": "pykan direct KAN classifier with B-spline edge activations.",
  "features": [
    "OverallQual",
    "GrLivArea",
    "GarageCars",
    "TotalBsmtSF",
    "YearBuilt",
    "FullBath",
    "LotArea",
    "1stFlrSF",
    "2ndFlrSF"
  ],
  "grid": 2,
  "hidden_width": 0,
  "k": 2,
  "learning_rate": 0.03,
  "maximums": {
    "1stFlrSF": 3228.0,
    "2ndFlrSF": 2065.0,
    "FullBath": 3.0,
    "GarageCars": 4.0,
    "GrLivArea": 4676.0,
    "LotArea": 215245.0,
    "OverallQual": 10.0,
    "TotalBsmtSF": 3206.0,
    "YearBuilt": 2009.0
  },
  "medians": {
    "1stFlrSF": 1087.0,
    "2ndFlrSF": 0.0,
    "FullBath": 2.0,
    "GarageCars": 2.0,
    "GrLivArea": 1470.0,
    "LotArea": 9525.0,
    "OverallQual": 6.0,
    "TotalBsmtSF": 995.0,
    "YearBuilt": 1972.0
  },
  "minimums": {
    "1stFlrSF": 334.0,
    "2ndFlrSF": 0.0,
    "FullBath": 0.0,
    "GarageCars": 0.0,
    "GrLivArea": 334.0,
    "LotArea": 1300.0,
    "OverallQual": 1.0,
    "TotalBsmtSF": 0.0,
    "YearBuilt": 1872.0
  },
  "model": "KAN",
  "parameter_count": 270,
  "price_thresholds": [
    140000.0,
    190000.0
  ],
  "seed": 42,
  "state_dict": {
    "act_fun.0.coef": [
      [
        [
          1.9127423763275146,
          1.2299253940582275,
          -1.2965946197509766,
          -0.999311625957489
        ],
        [
          -2.0145180225372314,
          -0.026796996593475342,
          0.3576846122741699,
          -1.2082154750823975
        ],
        [
          -0.7737358808517456,
          -1.5620602369308472,
          1.0733494758605957,
          1.344547986984253
        ]
      ],
      [
        [
          1.8199316263198853,
          -0.28923410177230835,
          -0.7770181894302368,
          -0.6336163878440857
        ],
        [
          -0.5346021056175232,
          0.28616464138031006,
          -1.250773310661316,
          1.9131500720977783
        ],
        [
          -1.7964143753051758,
          -0.034676939249038696,
          1.2757734060287476,
          -1.4790310859680176
        ]
      ],
      [
        [
          1.2152191400527954,
          0.4778371751308441,
          -0.8362581729888916,
          0.6132077574729919
        ],
        [
          -1.0982768535614014,
          0.06476930528879166,
          0.6043342351913452,
          -1.0287628173828125
        ],
        [
          -1.168878197669983,
          -0.554445743560791,
          0.7493793964385986,
          0.44768741726875305
        ]
      ],
      [
        [
          1.7984751462936401,
          0.0016742257867008448,
          -0.9761373996734619,
          0.7088104486465454
        ],
        [
          -0.755871593952179,
          0.3065669536590576,
          -0.5844288468360901,
          1.4543253183364868
        ],
        [
          -2.1393210887908936,
          -0.3660530149936676,
          1.2039222717285156,
          -1.2689625024795532
        ]
      ],
      [
        [
          2.171238899230957,
          0.7726907134056091,
          -0.2689792513847351,
          -1.1953045129776
        ],
        [
          -0.33399996161460876,
          -0.6282960772514343,
          0.39692237973213196,
          -0.1796814650297165
        ],
        [
          -3.090812921524048,
          -0.8105316758155823,
          -0.15759903192520142,
          1.3301801681518555
        ]
      ],
      [
        [
          -0.07786956429481506,
          0.30367302894592285,
          -0.1378086358308792,
          -0.8399494886398315
        ],
        [
          -0.01777081936597824,
          -0.19713298976421356,
          0.3210397958755493,
          -1.0102165937423706
        ],
        [
          0.1017916277050972,
          -0.27074480056762695,
          0.42401668429374695,
          0.21579629182815552
        ]
      ],
      [
        [
          0.7429003715515137,
          -0.6620032787322998,
          -2.2378761768341064,
          -0.5081820487976074
        ],
        [
          -0.1564532369375229,
          0.16592828929424286,
          -1.4940800666809082,
          -1.2038178443908691
        ],
        [
          -0.8291682004928589,
          0.5585677623748779,
          2.3872804641723633,
          1.3179987668991089
        ]
      ],
      [
        [
          1.8111231327056885,
          -0.0805332139134407,
          -0.9061509370803833,
          0.031113330274820328
        ],
        [
          -0.17652976512908936,
          0.11830947548151016,
          -0.6016901135444641,
          1.301863193511963
        ],
        [
          -1.9150809049606323,
          0.03835028037428856,
          0.845291018486023,
          -1.0772724151611328
        ]
      ],
      [
        [
          0.9100566506385803,
          -0.24438878893852234,
          -0.7943853139877319,
          -1.078096866607666
        ],
        [
          -0.27319052815437317,
          0.3503219485282898,
          -0.9252683520317078,
          1.2455713748931885
        ],
        [
          -0.8304501175880432,
          -0.4416387677192688,
          1.1814496517181396,
          -0.699421763420105
        ]
      ]
    ],
    "act_fun.0.grid": [
      [
        -3.0,
        -2.0,
        -1.0,
        0.0,
        1.0,
        2.0,
        3.0
      ],
      [
        -3.0,
        -2.0,
        -1.0,
        0.0,
        1.0,
        2.0,
        3.0
      ],
      [
        -3.0,
        -2.0,
        -1.0,
        0.0,
        1.0,
        2.0,
        3.0
      ],
      [
        -3.0,
        -2.0,
        -1.0,
        0.0,
        1.0,
        2.0,
        3.0
      ],
      [
        -3.0,
        -2.0,
        -1.0,
        0.0,
        1.0,
        2.0,
        3.0
      ],
      [
        -3.0,
        -2.0,
        -1.0,
        0.0,
        1.0,
        2.0,
        3.0
      ],
      [
        -3.0,
        -2.0,
        -1.0,
        0.0,
        1.0,
        2.0,
        3.0
      ],
      [
        -3.0,
        -2.0,
        -1.0,
        0.0,
        1.0,
        2.0,
        3.0
      ],
      [
        -3.0,
        -2.0,
        -1.0,
        0.0,
        1.0,
        2.0,
        3.0
      ]
    ],
    "act_fun.0.mask": [
      [
        1.0,
        1.0,
        1.0
      ],
      [
        1.0,
        1.0,
        1.0
      ],
      [
        1.0,
        1.0,
        1.0
      ],
      [
        1.0,
        1.0,
        1.0
      ],
      [
        1.0,
        1.0,
        1.0
      ],
      [
        1.0,
        1.0,
        1.0
      ],
      [
        1.0,
        1.0,
        1.0
      ],
      [
        1.0,
        1.0,
        1.0
      ],
      [
        1.0,
        1.0,
        1.0
      ]
    ],
    "act_fun.0.scale_base": [
      [
        -1.1754320859909058,
        -0.6537024974822998,
        0.8360001444816589
      ],
      [
        -0.5289822816848755,
        -0.3331888020038605,
        0.9935443997383118
      ],
      [
        -0.9898284673690796,
        0.1841355264186859,
        0.7708858251571655
      ],
      [
        -0.7879344820976257,
        -0.16184593737125397,
        1.029782772064209
      ],
      [
        -0.6574370265007019,
        0.13078156113624573,
        0.7252135872840881
      ],
      [
        -0.029946323484182358,
        0.00931042991578579,
        0.2036544382572174
      ],
      [
        -0.3810901641845703,
        -0.27412351965904236,
        0.26893705129623413
      ],
      [
        -0.8426632881164551,
        -0.2622333765029907,
        0.8086529970169067
      ],
      [
        -0.8944219946861267,
        -0.6212087273597717,
        0.6374008655548096
      ]
    ],